JobID,JobTitle,Company,Location,EmploymentType,SalaryRange,PostedDate
1,Software Developer,TechSolutions PH,Quezon City,Full-time,"PHP 25,000 - 35,000",2025-01-01
2,Customer Service Representative,BPOConnect,Makati,Full-time,"PHP 18,000 - 25,000",2025-01-02
3,Nurse,HealthFirst Hospital,Cebu City,Full-time,"PHP 20,000 - 30,000",2025-01-03
4,Teacher,EduCare Academy,Davao City,Part-time,"PHP 15,000 - 22,000",2025-01-04
5,Accountant,FinServe Corp,Pasig,Full-time,"PHP 28,000 - 40,000",2025-01-05
6,Sales Associate,RetailMart,Taguig,Part-time,"PHP 14,000 - 18,000",2025-01-06
7,Call Center Agent,VoiceConnect,Manila,Full-time,"PHP 18,000 - 24,000",2025-01-07
8,IT Support Specialist,CyberAid IT,Iloilo City,Full-time,"PHP 20,000 - 28,000",2025-01-08
9,HR Assistant,PeopleFirst HR,Cagayan de Oro,Full-time,"PHP 16,000 - 22,000",2025-01-09
10,Marketing Officer,MarketReach PH,Bacolod,Part-time,"PHP 18,000 - 26,000",2025-01-10
11,Software Developer,TechSolutions PH,Quezon City,Full-time,"PHP 25,000 - 35,000",2025-01-11
12,Customer Service Representative,BPOConnect,Makati,Full-time,"PHP 18,000 - 25,000",2025-01-12
13,Nurse,HealthFirst Hospital,Cebu City,Full-time,"PHP 20,000 - 30,000",2025-01-13
14,Teacher,EduCare Academy,Davao City,Part-time,"PHP 15,000 - 22,000",2025-01-14
15,Accountant,FinServe Corp,Pasig,Full-time,"PHP 28,000 - 40,000",2025-01-15
16,Sales Associate,RetailMart,Taguig,Part-time,"PHP 14,000 - 18,000",2025-01-16
17,Call Center Agent,VoiceConnect,Manila,Full-time,"PHP 18,000 - 24,000",2025-01-17
18,IT Support Specialist,CyberAid IT,Iloilo City,Full-time,"PHP 20,000 - 28,000",2025-01-18
19,HR Assistant,PeopleFirst HR,Cagayan de Oro,Full-time,"PHP 16,000 - 22,000",2025-01-19
20,Marketing Officer,MarketReach PH,Bacolod,Part-time,"PHP 18,000 - 26,000",2025-01-20
21,Software Developer,TechSolutions PH,Quezon City,Full-time,"PHP 25,000 - 35,000",2025-01-21
22,Customer Service Representative,BPOConnect,Makati,Full-time,"PHP 18,000 - 25,000",2025-01-22
23,Nurse,HealthFirst Hospital,Cebu City,Full-time,"PHP 20,000 - 30,000",2025-01-23
24,Teacher,EduCare Academy,Davao City,Part-time,"PHP 15,000 - 22,000",2025-01-24
25,Accountant,FinServe Corp,Pasig,Full-time,"PHP 28,000 - 40,000",2025-01-25
26,Sales Associate,RetailMart,Taguig,Part-time,"PHP 14,000 - 18,000",2025-01-26
27,Call Center Agent,VoiceConnect,Manila,Full-time,"PHP 18,000 - 24,000",2025-01-27
28,IT Support Specialist,CyberAid IT,Iloilo City,Full-time,"PHP 20,000 - 28,000",2025-01-28
29,HR Assistant,PeopleFirst HR,Cagayan de Oro,Full-time,"PHP 16,000 - 22,000",2025-01-29
30,Marketing Officer,MarketReach PH,Bacolod,Part-time,"PHP 18,000 - 26,000",2025-01-30
31,Software Developer,TechSolutions PH,Quezon City,Full-time,"PHP 25,000 - 35,000",2025-01-31
32,Customer Service Representative,BPOConnect,Makati,Full-time,"PHP 18,000 - 25,000",2025-02-01
33,Nurse,HealthFirst Hospital,Cebu City,Full-time,"PHP 20,000 - 30,000",2025-02-02
34,Teacher,EduCare Academy,Davao City,Part-time,"PHP 15,000 - 22,000",2025-02-03
35,Accountant,FinServe Corp,Pasig,Full-time,"PHP 28,000 - 40,000",2025-02-04
36,Sales Associate,RetailMart,Taguig,Part-time,"PHP 14,000 - 18,000",2025-02-05
37,Call Center Agent,VoiceConnect,Manila,Full-time,"PHP 18,000 - 24,000",2025-02-06
38,IT Support Specialist,CyberAid IT,Iloilo City,Full-time,"PHP 20,000 - 28,000",2025-02-07
39,HR Assistant,PeopleFirst HR,Cagayan de Oro,Full-time,"PHP 16,000 - 22,000",2025-02-08
40,Marketing Officer,MarketReach PH,Bacolod,Part-time,"PHP 18,000 - 26,000",2025-02-09
41,Software Developer,TechSolutions PH,Quezon City,Full-time,"PHP 25,000 - 35,000",2025-02-10
42,Customer Service Representative,BPOConnect,Makati,Full-time,"PHP 18,000 - 25,000",2025-02-11
43,Nurse,HealthFirst Hospital,Cebu City,Full-time,"PHP 20,000 - 30,000",2025-02-12
44,Teacher,EduCare Academy,Davao City,Part-time,"PHP 15,000 - 22,000",2025-02-13
45,Accountant,FinServe Corp,Pasig,Full-time,"PHP 28,000 - 40,000",2025-02-14
46,Sales Associate,RetailMart,Taguig,Part-time,"PHP 14,000 - 18,000",2025-02-15
47,Call Center Agent,VoiceConnect,Manila,Full-time,"PHP 18,000 - 24,000",2025-02-16
48,IT Support Specialist,CyberAid IT,Iloilo City,Full-time,"PHP 20,000 - 28,000",2025-02-17
49,HR Assistant,PeopleFirst HR,Cagayan de Oro,Full-time,"PHP 16,000 - 22,000",2025-02-18
50,Marketing Officer,MarketReach PH,Bacolod,Part-time,"PHP 18,000 - 26,000",2025-02-19
51,Software Developer,TechSolutions PH,Quezon City,Full-time,"PHP 25,000 - 35,000",2025-02-20
52,Customer Service Representative,BPOConnect,Makati,Full-time,"PHP 18,000 - 25,000",2025-02-21
53,Nurse,HealthFirst Hospital,Cebu City,Full-time,"PHP 20,000 - 30,000",2025-02-22
54,Teacher,EduCare Academy,Davao City,Part-time,"PHP 15,000 - 22,000",2025-02-23
55,Accountant,FinServe Corp,Pasig,Full-time,"PHP 28,000 - 40,000",2025-02-24
56,Sales Associate,RetailMart,Taguig,Part-time,"PHP 14,000 - 18,000",2025-02-25
57,Call Center Agent,VoiceConnect,Manila,Full-time,"PHP 18,000 - 24,000",2025-02-26
58,IT Support Specialist,CyberAid IT,Iloilo City,Full-time,"PHP 20,000 - 28,000",2025-02-27
59,HR Assistant,PeopleFirst HR,Cagayan de Oro,Full-time,"PHP 16,000 - 22,000",2025-02-28
60,Marketing Officer,MarketReach PH,Bacolod,Part-time,"PHP 18,000 - 26,000",2025-03-01
61,Software Developer,TechSolutions PH,Quezon City,Full-time,"PHP 25,000 - 35,000",2025-03-02
62,Customer Service Representative,BPOConnect,Makati,Full-time,"PHP 18,000 - 25,000",2025-03-03
63,Nurse,HealthFirst Hospital,Cebu City,Full-time,"PHP 20,000 - 30,000",2025-03-04
64,Teacher,EduCare Academy,Davao City,Part-time,"PHP 15,000 - 22,000",2025-03-05
65,Accountant,FinServe Corp,Pasig,Full-time,"PHP 28,000 - 40,000",2025-03-06
66,Sales Associate,RetailMart,Taguig,Part-time,"PHP 14,000 - 18,000",2025-03-07
67,Call Center Agent,VoiceConnect,Manila,Full-time,"PHP 18,000 - 24,000",2025-03-08
68,IT Support Specialist,CyberAid IT,Iloilo City,Full-time,"PHP 20,000 - 28,000",2025-03-09
69,HR Assistant,PeopleFirst HR,Cagayan de Oro,Full-time,"PHP 16,000 - 22,000",2025-03-10
70,Marketing Officer,MarketReach PH,Bacolod,Part-time,"PHP 18,000 - 26,000",2025-03-11
71,Software Developer,TechSolutions PH,Quezon City,Full-time,"PHP 25,000 - 35,000",2025-03-12
72,Customer Service Representative,BPOConnect,Makati,Full-time,"PHP 18,000 - 25,000",2025-03-13
73,Nurse,HealthFirst Hospital,Cebu City,Full-time,"PHP 20,000 - 30,000",2025-03-14
74,Teacher,EduCare Academy,Davao City,Part-time,"PHP 15,000 - 22,000",2025-03-15
75,Accountant,FinServe Corp,Pasig,Full-time,"PHP 28,000 - 40,000",2025-03-16
76,Sales Associate,RetailMart,Taguig,Part-time,"PHP 14,000 - 18,000",2025-03-17
77,Call Center Agent,VoiceConnect,Manila,Full-time,"PHP 18,000 - 24,000",2025-03-18
78,IT Support Specialist,CyberAid IT,Iloilo City,Full-time,"PHP 20,000 - 28,000",2025-03-19
79,HR Assistant,PeopleFirst HR,Cagayan de Oro,Full-time,"PHP 16,000 - 22,000",2025-03-20
80,Marketing Officer,MarketReach PH,Bacolod,Part-time,"PHP 18,000 - 26,000",2025-03-21
81,Software Developer,TechSolutions PH,Quezon City,Full-time,"PHP 25,000 - 35,000",2025-03-22
82,Customer Service Representative,BPOConnect,Makati,Full-time,"PHP 18,000 - 25,000",2025-03-23
83,Nurse,HealthFirst Hospital,Cebu City,Full-time,"PHP 20,000 - 30,000",2025-03-24
84,Teacher,EduCare Academy,Davao City,Part-time,"PHP 15,000 - 22,000",2025-03-25
85,Accountant,FinServe Corp,Pasig,Full-time,"PHP 28,000 - 40,000",2025-03-26
86,Sales Associate,RetailMart,Taguig,Part-time,"PHP 14,000 - 18,000",2025-03-27
87,Call Center Agent,VoiceConnect,Manila,Full-time,"PHP 18,000 - 24,000",2025-03-28
88,IT Support Specialist,CyberAid IT,Iloilo City,Full-time,"PHP 20,000 - 28,000",2025-03-29
89,HR Assistant,PeopleFirst HR,Cagayan de Oro,Full-time,"PHP 16,000 - 22,000",2025-03-30
90,Marketing Officer,MarketReach PH,Bacolod,Part-time,"PHP 18,000 - 26,000",2025-03-31
91,Software Developer,TechSolutions PH,Quezon City,Full-time,"PHP 25,000 - 35,000",2025-04-01
92,Customer Service Representative,BPOConnect,Makati,Full-time,"PHP 18,000 - 25,000",2025-04-02
93,Nurse,HealthFirst Hospital,Cebu City,Full-time,"PHP 20,000 - 30,000",2025-04-03
94,Teacher,EduCare Academy,Davao City,Part-time,"PHP 15,000 - 22,000",2025-04-04
95,Accountant,FinServe Corp,Pasig,Full-time,"PHP 28,000 - 40,000",2025-04-05
96,Sales Associate,RetailMart,Taguig,Part-time,"PHP 14,000 - 18,000",2025-04-06
97,Call Center Agent,VoiceConnect,Manila,Full-time,"PHP 18,000 - 24,000",2025-04-07
98,IT Support Specialist,CyberAid IT,Iloilo City,Full-time,"PHP 20,000 - 28,000",2025-04-08
99,HR Assistant,PeopleFirst HR,Cagayan de Oro,Full-time,"PHP 16,000 - 22,000",2025-04-09
100,Marketing Officer,MarketReach PH,Bacolod,Part-time,"PHP 18,000 - 26,000",2025-04-10
